group,superclass,n_samples,auroc_ep_prior,auroc_baseline,delta,expected_gain,matches_expectation
normal_sinus,NORM,963,0.9046300150087656,0.8994858341636501,0.005144180845115476,True,✓
conduction_defects,CD,496,0.8101865452408931,0.8046688431067814,0.005517702134111624,False,✗
st_t_changes,STTC,521,0.9060862956769754,0.8959548686817356,0.010131426995239834,True,✓
hypertrophy,HYP,262,0.7908846445019242,0.7701288562235821,0.020755788278342124,True,✓
myocardial_infarction,MI,550,0.8061606354810237,0.7699481465136805,0.03621248896734319,True,✓
